id,name,address,city,state,zip,lat,lng,region,type,sheets,sharpening,food,livebarn,wifi,parking,locker_rooms,on_site_shops,price_public_skate,price_stick_puck,price_dropin,registration_label,registration_url,website,seating_type,viewing,accessible,spectator_notes,facebook_url,instagram_url,tiktok_url,photo_url,claimed,notes
1,Family Sports Center Ice Arena,"6901 S Peoria St, Centennial, CO 80112",Centennial,CO,80112,39.59169,-104.8491,Denver Metro,indoor,2,true,restaurant,true,,"Free surface lot, 300+ spaces",8,true,$8.50 district / $11 non-district (M-F days) | $8/$10 (Fri eve & weekends) | Children under 3 free | Check ssprd.org/Family-Sports-Ice-Schedule,Take-A-Shot: District $11 / Non-district $13 (M-F) | Drop-in Hockey 18+: $12/$13.50 | Reserve by calling (303) 708-9500,,Book Online,https://ssprd.finnlyconnect.com/schedule,https://www.ssprd.org/family-sports-center,,true,,"Avalanche Grill: Full restaurant & bar on-site with views of the ice. Full menu, beer & wine. Open during all sessions.",,,,,,"150,000 sq ft entertainment complex. Colorado Avalanche practice facility - sometimes fans can watch. Two NHL sheets. Also has mini golf, laser tag, climbing wall, bumper cars, arcade. Part of South Suburban Parks and Recreation District (SSPRD). | On-site shop: Family Sports Pro Shop"
2,The Broadmoor World Arena,"3185 Venetucci Blvd, Colorado Springs, CO 80906",Colorado Springs,CO,80906,38.78828,-104.79423,Colorado Springs,indoor,2,true,,,,Free lot adjacent to arena,10,true,$6 admission | $4 skate rental | Check broadmoorworldarena.com for current schedule,Pick-up hockey limited to 20 skaters + 3 goalies. Must be 18+. Sign up online (no phone reservations as of Jan 2026).,,,,https://www.broadmoorworldarena.com,,,,,,,,,,"8,000-seat main arena plus adjacent Ice Hall with two practice rinks: one NHL-size, one Olympic-size. Home to Colorado College Tigers. For Learn to Skate, Learn to Play Hockey, or Public Skate info, call Ice Hall Office at (719) 477-2178. | On-site shop: World Arena Pro Shop"
3,Colorado College - Ed Robson Arena,"14 E Cache La Poudre St, Colorado Springs, CO 80903",Colorado Springs,CO,80903,38.84611,-104.82238,Colorado Springs,indoor,1,true,concessions,,,"Campus parking lots, street parking",6,true,$10 adults / $5 kids,Check edrobsonarena.com for rates,,,,https://www.edrobsonarena.com,seats,true,,,,,,,,"3,400-seat arena opened Sept 2021. First on-campus home for CC Tigers in 83 years. 120,000+ sq ft. Public skating open to community. Transforms to 4,600-seat venue for concerts. Part of Colorado Springs City for Champions initiative. | On-site shop: CC Tiger Store"
4,Sertich Ice Center,"1705 E Pikes Peak Ave, Colorado Springs, CO 80909",Colorado Springs,CO,80909,38.83167,-104.79617,Colorado Springs,indoor,1,,concessions,,,Free city-owned lot,4,,Child (17 & under): $6 | Adult (18+): $7 | Skate rental: $4 | Group rate: $5/skater incl. rental (book ahead) | Heroes discount $8 (military/first responders) | Check coloradosprings.gove Jan 2025),Check website,,Book Online,https://sertich.finnlyconnect.com/schedule,https://coloradosprings.gov/Sertich,bleachers,true,,,,,,,,"35,000 sq ft facility built 1975 (renamed Sertich 1986). NHL regulation ice. 2,000-seat bleachers. Home to Pikes Peak Miners youth hockey. City of Colorado Springs Parks & Recreation. Email: sertichinfo@coloradosprings.gov. Price increases effective Jan 1, 2025."
5,Air Force Academy - Cadet Ice Arena,"2169 Field House Dr, Colorado Springs, CO 80840",Colorado Springs,CO,80840,39.01374,-104.88373,Colorado Springs,indoor,1,,concessions,true,,Campus parking with valid pass,4,true,N/A - limited public access,N/A,,,,https://goairforcefalcons.com/sports/2018/6/21/icerink,seats,true,,,,,,,,Home of the Air Force Falcons. Primarily used for AFA athletics. Limited public access - call ahead. | On-site shop: USAFA Pro Shop
6,Monument Ice Rinks,"16240 Old Denver Rd, Monument, CO 80132",Monument,CO,80132,39.06767,-104.8617,Colorado Springs,indoor,2,true,snackbar,true,true,Free surface lot,6,true,$7 adults / $5 kids,$7/session,,Book Online,https://monumentice.ezfacility.com/Sessions,https://www.monumenticerinks.com,,true,,"Monument Snack Bar: Typical tournament snack bar — chips, candy, hot chocolate, basic drinks. Counter service.",,,,,,Two NHL-sized sheets between Colorado Springs and Denver. Strong youth and adult hockey programs. | On-site shop: Monument Pro Shop
7,Stephen C. West Ice Arena,"0189 Boreas Pass Rd, Breckenridge, CO 80424",Breckenridge,CO,80424,39.47319,-106.04003,Mountain,indoor,2,true,concessions,true,,"Free lot, overflow on Boreas Pass Rd",3,true,Adults (18-59): $13 | Youth (17 & under): $10 | Seniors (60+): $10,Check breckenridgerecreation.com for current rates,,Book Online,https://breckenridgerecreation.com/register,https://www.breckenridgerecreation.com/rates/locations/stephen-c-west-ice-arena,,true,,,,,,,,"Summit County's only year-round indoor ice sports facility. Indoor + outdoor rinks. Full-service pro shop (CCM, Warrior, True, A&R). Local students get $10 admission + free skate rental with school ID. Also offers curling and broomball. | On-site shop: Stephen C. West Pro Shop"
8,Dobson Ice Arena,"321 E Lionshead Circle, Vail, CO 81657",Vail,CO,81657,39.64388,-106.38405,Mountain,indoor,1,true,concessions,,,Lionshead Parking Structure (fees apply). Validation available at Dobson front desk when open.,4,true,When open: Ages 4 & under $6 | Ages 5-12 $8 | Ages 13+ $10,When open: $10/session,,,,https://www.vailrec.com/dobson-arena,,true,,,,,,,,"⚠️ CURRENTLY CLOSED FOR EXTENSIVE RENOVATIONS. Check vailrec.com for reopening timeline. When open: 35,000 sq ft, largest multi-purpose rink on Western Slope. Year-round hockey, figure skating, broomball. Home to Vail Junior Hockey Club and Skating Club of Vail. While closed, Vail Mountaineers Hockey Club organizing ice time at alternative venues. | On-site shop: Dobson Skate Shop"
9,The Edge Ice Arena,"6623 S Ward St, Littleton, CO 80127",Littleton,CO,80127,39.59636,-105.13378,Denver Metro,indoor,2,true,restaurant,true,true,Large free surface lot,12,true,Adults: $8 | Youth (under 18): $5 | Check ifoothills.org for current rates,Check ifoothills.org for current rates,,Book Online,https://www.ifoothills.org/cal-edge/,https://www.ifoothills.org/edge-ice-arena/,,true,,Penalty Box Bar & Grill: Full sports bar & grill on-site. Great parent hangout with ice views. Open during all rink hours.,,,,,,"Part of Foothills Park and Recreation District. Two NHL-sized indoor rinks, 1250 total seating. Penalty Box sports bar & grill on main level. Broomball available (equipment provided). Contact: ahines@fhprd.org | On-site shop: Edge Pro Shop"
10,Foothills Ice Arena,"2250 S Kipling St, Lakewood, CO 80227",Lakewood,CO,80227,39.6757,-105.1088,Denver Metro,indoor,1,true,concessions,,,Free lot on-site,6,true,Check foothillsicearena.com or call (303) 986-4119 — Jefferson County resident discounts apply,Check website — drop-in sessions popular with adult beginners,,,,https://www.foothillsicearena.com,,true,,,,,,,,"Single NHL-sized sheet serving Lakewood and Jefferson County. Home of the Foothills Flyers youth hockey association (Littleton, Lakewood and surrounding areas). Strong adult league scene — one of the friendliest drop-in crowds in the Denver metro per community reviews. Website may be intermittent — call (303) 986-4119 to confirm schedule. | On-site shop: Foothills Skate Corner"
11,Ice Ranch,"841 Southpark Dr, Littleton, CO 80120",Littleton,CO,80120,39.5679,-104.99893,Denver Metro,indoor,2,true,restaurant,true,,Free surface lot. Handicap parking available. Elevator to upper level.,8,true,~$7/person | Check theiceranch.com for current rates,Check website - Twisted Wrister sessions,,,,https://www.theiceranch.com,,true,,"Santoro's Bar & Grill: Full sports bar & restaurant upstairs. Pizza, appetizers, full bar. Starbucks also on-site.",,,,,,"Colorado's premier ice facility per their website. Two NHL rinks, Santoro's restaurant/sports bar, Starbucks, Precision Edge Pro Shop all on-site. Home to Littleton Hawks, Regis Jesuit, Mountain Vista HS, Valor Christian HS, Cherry Creek. Also hosts 3v3 tournaments and adult leagues. | On-site shop: Precision Edge Hockey Pro Shop"
12,South Suburban Sports Complex,"4810 E County Line Rd, Littleton, CO 80126",Littleton,CO,80126,39.56541,-104.92663,Denver Metro,indoor,3,,restaurant,true,,Free surface lot,15,,Starting at $7 district residents / $9 non-residents (children 3 and under free) | Check ssprd.org for full age-based rates,Res. $11 / Non-res. $13 | Call (303) 798-7515,,Book Online,https://ssprd.finnlyconnect.com/schedule/247,https://www.ssprd.org/Sports-Complex,,true,,On-site Restaurant & Bar: Full restaurant and bar with views of the ice. Open during all sessions.,,,,,,"Replaced 52-year-old South Suburban Ice Arena. Three sheets: center sheet seats 800, second sheet 220, third sheet also available. Restaurant/bar with ice views. Drop-in hockey (adult & youth) $10.50 res/$11.50 non-res."
13,Apex Center,"13150 W 72nd Ave, Arvada, CO 80005",Arvada,CO,80005,39.82597,-105.14545,Denver Metro,indoor,2,,vending,true,true,Free surface lot,10,,Ages 2-5: Res. $2.50/Non-res. $3 | Ages 6-61: Res. $8/Non-res. $11.75 | Ages 62+: Res. $5.50/Non-res. $7.75,Check website,,Book Online,https://www.rec.us/locations/6e8fe95f-a610-4223-aebe-713e32e2e5cb?tab=book-now,https://apexprd.org/activities/ice-skating/,,true,,Vending Machines: Vending machines only — no staffed food counter on-site. Plan ahead or grab food nearby.,,,,,,Part of Apex Park and Recreation District. Two NHL-sized ice surfaces. Figure skating program director Denise Hughes (303.463.4287). Adult Skaters Coffee Club Wednesdays 10:30am-12pm for $5.
14,Big Bear Ice Arena,"8580 E Lowry Blvd, Denver, CO 80230",Denver,CO,80230,39.72142,-104.886,Denver Metro,indoor,2,true,concessions,true,,Free lot at Lowry Town Center,4,true,$14 non-members / $9 members | Check bigbearice.com for current rates,Check bigbearicearena.ezfacility.com for schedule & rates,,,,https://www.bigbearice.com,,true,,,,,,,,"Located in a former Lowry Air Force Base aviation hangar. Two sheets. Home to the Colorado Thunderbirds (Rocky Mountain Junior Hockey League) and multiple high school hockey teams. Public skate sessions: $20/session (1-hour timed sessions), $5 skate rentals. Evening sessions Fri/Sat at 7pm and 9pm. Sessions are booked in advance at bigbearicearena.ezfacility.com - check calendar. Call (303) 343-1111 or email info@bigbearice.com. | On-site shop: Big Bear Skate Shop"
15,Joy Burns Arena (DU),"2201 E Asbury Ave / 2250 E Jewell Ave, Denver, CO 80210",Denver,CO,80210,39.68244,-104.96094,Denver Metro,indoor,2,true,concessions,,,Lot 401 (Jewell & University) for punch pass holders. Metered lots for single visits.,6,true,$15/person (includes skate rental),$15/session,,,,https://ritchiecenter.du.edu/sports/2021/8/11/public-ice-schedule,seats,true,,,,,,,,"Home of the University of Denver Pioneers (NCAA Division I, 9-time national champions). Public skate $15/person includes skate rental. Drop-in hockey: $15 single session. Must reserve spot online. DU students use 87-number as login. | On-site shop: DU Campus Store"
16,University of Denver - Magness Arena,"2201 E Asbury Ave, Denver, CO 80208",Denver,CO,80208,39.68212,-104.96163,Denver Metro,indoor,1,,concessions,,,DU campus and nearby lots,6,true,N/A,N/A,,,,https://www.magnesarena.com,seats,true,,,,,,,,"Major sports arena on DU campus. Hosts DU Pioneers NCAA hockey, concerts and events. 7,200 capacity. | On-site shop: DU Campus Store"
17,Ball Arena,"1000 Chopper Circle, Denver, CO 80204",Denver,CO,80204,39.74873,-105.00763,Denver Metro,indoor,1,,concessions,,,Multiple paid lots adjacent,2,true,N/A - NHL games only,N/A,,,,https://www.ballarena.com,seats,true,,,,,,,,Home of the Colorado Avalanche. NHL game experience. Not available for public skating or practice rental. | On-site shop: Avalanche Team Store
18,Carlston Ice Arena,"2800 Dagny Way, Lafayette, CO 80026",Lafayette,CO,80026,40.01267,-105.13463,Denver Metro,indoor,1,true,,,,Free surface lot,4,,Free for YMCA members | Non-members: $5 youth / $8 adult,Check website,,,,https://www.ymcanoco.org/ice,,,,,,,,,,"Single sheet inside Lafayette Y (YMCA). Public skate free for YMCA members, $5 youth / $8 adults for non-members. Adult drop-in hockey $12 for non-members, free for members. Home of Lafayette Locomotives youth hockey."
19,University of Colorado Ice Arena,"1855 Pleasant St, Student Recreation Center, Boulder, CO 80302",Boulder,CO,80302,40.00763,-105.26689,Denver Metro,indoor,1,,,,,CU campus parking,3,true,Rec Center membership required,Check colorado.edu/recreation,,,,https://www.colorado.edu/recreation/facilities/student-recreation-center/ice-rink,,,,,,,,,,"Only ice rink in Boulder. Part of CU Boulder Student Recreation Center. Must have Rec Center membership to skate. Membership required for all users - students, staff, and community members. Drop-in hockey requires helmet with full face shield, gloves, shin guards, skates, long pants. | On-site shop: CU Skate Counter"
20,Blue Sport Stable,"1 Superior Dr, Superior, CO 80027",Superior,CO,80027,39.95224,-105.15892,Denver Metro,indoor,3,true,restaurant,true,,Free large surface lot,6,true,$7/session | Superior residents: $5 | Age 4 & under free with paying adult,Check website,,,,https://www.bluesportstable.com,,true,,The Eatery: Full restaurant & bar on-site. High-top bar seating overlooks the courts. Coffee shop also in the building.,,,,,,"Formerly Sport Stable, rebranded as Blue Sport Stable. 186,000 sq ft, 1.6 million visitors/year. Two NHL-sized ice rinks + one small skill rink, turf field, 3 basketball courts (convert to 5 volleyball/12 pickleball), batting cages, 7 indoor golf simulators, coffee shop, Floyd's Barbershop, physical therapy, preschool. Home to RoughRiders Sports Club (hockey, baseball, basketball, softball, volleyball). Located in Downtown Superior off US-36. | On-site shop: Blue Sport Stable Pro Shop"
21,Blue Arena,"5290 Arena Cir, Loveland, CO 80538",Loveland,CO,80538,40.44363,-104.98947,Northern Colorado,indoor,1,,concessions,,,Large free lot,4,true,N/A - event venue,N/A,,,,https://www.bluearena.com,seats,true,,,,,,,,"7,500-seat multipurpose arena. Hosts hockey events, concerts, rodeos and more in the Loveland/Fort Collins area. | On-site shop: Arena Merchandise"
22,Edora Pool Ice Center (EPIC),"1801 Riverside Ave, Fort Collins, CO 80525",Fort Collins,CO,80525,40.56311,-105.0449,Northern Colorado,indoor,2,,,true,,Free surface lot,6,,Adults: $5 | Youth: $4 | Check fcgov.com/recreation for current rates,Check website,,Book Online,https://fcgov.recdesk.com/Community/Schedule,https://www.fcgov.com/recreation/epic.php,,,,,,,,,,"Part of Fort Collins' EPIC recreation complex with two NHL ice sheets plus pools. Home to CSU Hockey, Water Polo, Fort Collins Figure Skating Club, and FAST swim team. Over 1 million visits per year."
23,NoCo Ice Center,"7900 N Fairgrounds Ave, Fort Collins, CO 80528",Fort Collins,CO,80528,40.47469,-104.98128,Northern Colorado,indoor,1,true,snackbar,true,,Free lot at Larimer County Fairgrounds,6,true,$5 (ages 3+) | Check website for current rates,Check website,,,,https://www.nocohockey.com,seats,true,,"NoCo Snack Bar: Pizza, kids snacks, adult beverages — order at the counter. Better than your typical rink snack bar.",,,,,,"Single sheet, 1000-seat capacity. Previously known as Providence Ice Center, managed by Northern Colorado Youth Hockey since 2007. Home to NCYH Junior Eagles. Also offers curling and adult/youth hockey leagues. Limited public hours during hockey season (Sep-Feb). | On-site shop: NoCo Pro Shop"
24,Greeley Ice Haus,"900 8th Ave, Greeley, CO 80631",Greeley,CO,80631,40.42371,-104.68994,Northern Colorado,indoor,1,true,concessions,,,Free surface lot,4,true,$6/person daily admission,Check greeleyco.gov for current rates,,Book Online,https://greeleyco.gov/departments/parks-recreation/recreation-services/greeley-ice-haus,https://greeleyco.gov/things-to-do/parks-and-recreation/recreation/facilities/greeley-ice-haus,,true,,,,,,,,"Community rink serving Greeley and Weld County. Home to Colorado Bears Hockey Club (formerly Northern Colorado Eagles), Mountain View Skating Club, and UNC Bears Club Hockey. Offers sled hockey - accessible skating for all abilities. 1000-seat capacity. | On-site shop: Ice Haus Skate Shop"
25,Aspen Ice Garden,"233 W Hyman Ave, Aspen, CO 81611",Aspen,CO,81611,39.18995,-106.82522,Mountain,indoor,1,,,true,,City lots nearby - paid parking,2,true,Adults: $10.50 | Youth/Child: $7 | Skate rental from $3 | Check aspenrecreation.com for current schedule,Check website,,,,https://www.aspenrecreation.com/aspen-ice-garden,,,,,,,,,,Historic rink in downtown Aspen for 50+ years. 82x184 ft floor. 150 bleacher seats. Only open during programmed hours. Dry floor events available June-August. For year-round skating use Lewis Ice Arena at ARC. Contact Ryan Loeb at ryan.loeb@aspen.gov for events/rentals. | On-site shop: Aspen Ice Garden
26,Lewis Ice Arena,"0861 Maroon Creek Rd, Aspen, CO 81611",Aspen,CO,81611,39.18951,-106.85093,Mountain,indoor,1,true,concessions,true,,ARC parking lot,6,true,Adults: $10.50 | Youth/Child: $7 | Skate rental from $3 | Check aspenrecreation.com — Lewis open year-round,Check website,,,,https://www.aspenrecreation.com,seats,true,,,,,,,,NHL regulation 85x200 ft rink. 450-seat grandstand. Full skate shop with rentals and precision sharpening. ADA accessible. Multiple locker rooms with showers. Only Aspen ice rink open during summer. Home to Aspen Junior Hockey and high school Sailors hockey team. | On-site shop: Lewis Ice Arena Skate Shop
27,Glenwood Springs Community Center Rink,"100 Wulfsohn Rd, Glenwood Springs, CO 81601",Glenwood Springs,CO,81601,39.55108,-107.33908,Mountain,outdoor,1,,,true,,Free community center lot,3,,Adult non-res: $8 | Adult res: $7 | Youth/Senior non-res: $6 | Youth/Senior res: $5 | CC Members: Free,Check glenwoodrec.com for current rates,,,,https://glenwoodrec.com/189/Ice-Rink,,,,,,,,,,"85x200 ft covered outdoor NHL-sized rink. Seasonal Nov through mid-March. Part of Glenwood Springs Community Center (65,000 sq ft facility with pool, gym, climbing wall, fitness center). Call ice rink direct at (970) 384-6304, main center (970) 384-6300."
28,River City Sportplex,"2515 Riverside Pkwy, Grand Junction, CO 81501",Grand Junction,CO,81501,39.07806,-108.58849,Western Colorado,indoor,1,true,concessions,true,,Free surface lot,4,true,Check rivercitysportplex.com for current rates,Check website,,,,https://www.rivercitysportplex.com,,true,,,,,,,,"Reopened October 2021 under new ownership after pandemic closure. NHL-sized rink on 4-acre site along the Riverside Trail with Colorado National Monument backdrop. Offers hockey, figure skating, curling, broomball, and sled hockey programs. Home to Grand Junction River Hawks (NCDC junior hockey, joined 2025). Party room packages available for 10-40 guests. | On-site shop: River City Pro Shop"
29,Howelsen Ice Arena,"285 Howelsen Pkwy, Steamboat Springs, CO 80487",Steamboat Springs,CO,80487,40.48131,-106.83163,Mountain,indoor,1,true,concessions,true,,Free lot at Howelsen Hill Complex,4,true,Adults: $8 | Kids (6-17): $7 | Bumper Cars: $12/ride or $19 combo (skating + rental),$9–$10 per person depending on age,,,,https://steamboatsprings.net/132/Howelsen-Ice-Arena,,true,,,,,,,,"City of Steamboat Springs-operated Olympic-sized indoor ice rink open July through May. Colorado's only rink with Bumper Cars On Ice ($12/ride or $19 combo with skating + rental). Public skate, stick & puck, drop-in hockey, figure skating classes, hockey leagues, speed skating, curling, broomball. Home to Steamboat Springs Youth Hockey Association, Sailors HS Hockey Team, and Steamboat Springs Figure Skating Club. Check Public Google Calendar on city website for daily schedule. | On-site shop: Howelsen Skate Shop"
30,Ice Centre at The Promenade,"10710 Westminster Blvd, Westminster, CO 80020",Westminster,CO,80020,39.89106,-105.06841,Denver Metro,indoor,3,true,restaurant,true,,Free Promenade shopping center lot,9,true,$10 adults | Kids 3 & under free with paying adult,Check icecentreatthepromenade.com for current rates,,,,https://www.icecentre.com,,true,,Bender's Bar & Grill: Full sports bar & restaurant with ice views. Red City Café also on-site for coffee & smoothies.,,,,,,"143,000 sq ft, $14M facility. One of few triple-sheet facilities in North America. Total seating 1,600. Bender's Bar & Grill on-site. Home to Hyland Hills Jaguars and Rocky Mountain Figure Skating Club. Westminster/Hyland Hills discount cards accepted. | On-site shop: Ice Centre Pro Shop, Bender's Bar & Grill"
31,The Ice Box (Fraser Valley Sports Complex),"220 County Rd 522, Fraser, CO 80442",Fraser,CO,80442,39.95795,-105.82445,Mountain,outdoor,1,,,,,Free lot at Fraser Valley Sports Complex,2,,$13/person (includes skate rental) | Check fraservalleyrec.org for current rates,Contact facility,,,,https://fraservalleyrec.org/facilities/fraser-valley-sports-complex/icebox-ice-rink/,,,,,,,,,,"NHL-sized partially enclosed/covered outdoor refrigerated rink at the Fraser Valley Sports Complex. Managed by Fraser Valley Metropolitan Recreation District. Features skate rentals, warming house, indoor concessions, restrooms. Strong youth hockey leagues. Fraser is known as the 'Icebox of the Nation' for its extreme cold. Also has ball fields, volleyball, soccer. Call ahead for open skating times as they are limited."
32,Jorgensen Ice Rink & Events Center,"501 E Tomichi Ave, Gunnison, CO 81230",Gunnison,CO,81230,38.54439,-106.92172,Western Colorado,indoor,2,true,concessions,true,,Free adjacent lot,2,true,Check gunnisonco.gov for 2025-26 season rates,Check website,,,,https://www.gunnisonco.gov/departments/parks___recreation/jorgensen_ice___event_center.php,,true,,,,,,,,"Gunnison Valley's premier winter venue. Includes indoor ice facility (open late Sep–Mar), outdoor ice rink, and free Pac Man Pond for public skating daily. Also features Nordic trails and jib park. Home to West Elk Hockey Association. Indoor rink manager: Andy Eflin (970) 641-0435. Full gear recommended for open hockey; helmet & gloves required for stick & puck. | On-site shop: Concessions area"
33,Pueblo Plaza Ice Arena,"100 N Grand Ave, Pueblo, CO 81003",Pueblo,CO,81003,38.26833,-104.61083,Southern Colorado,indoor,1,true,concessions,,,Downtown Pueblo parking,4,true,Check puebloicearena.com for current rates,Check website,,,,https://www.puebloicearena.com,,true,,,,,,,,"Year-round Southern Colorado hub. Home to Pueblo Bulls Youth Hockey (PBYHA), Pueblo County HS, Pueblo Figure Skating Club, Men's/Women's/Co-ed leagues, and Pueblo Bulls NCDC junior team. Skating Academy offers 8-week sessions. Laser light skate, holiday skates, and college nights hosted regularly. Contact: 719-621-9191 or puebloicearena1@gmail.com. | On-site shop: Pueblo Plaza Shop"
34,Alamosa Ice Arena,"2242 Old Sanford Road, Alamosa, CO 81101",Alamosa,CO,81101,37.44896,-105.87404,Southern Colorado,outdoor,1,,,,,Free lot,2,,Check website for current rates (passes available Oct 1),Contact facility,,,,https://sites.google.com/ci.alamosa.co.us/parksandrec/iceroller-rink,,,,,,,,,,"Outdoor partially covered ice rink at the Alamosa Family Recreation Center. Seasonal (Thanksgiving–Feb, weather permitting). Hockey leagues hosted here. Skate rentals available. All skating first come first served - not reservable. Ice rink passes available Oct 1. For info contact Alamosa Family Recreation Center."
35,Loudy-Simpson Park Ice Arena,"600 S Ranney St, Craig, CO 81625",Craig,CO,81625,40.49613,-107.55783,Western Colorado,indoor,1,,,,,Free park lot,4,,$6/person per session | $3 skate rental | ⚠️ CASH OR CHECK ONLY,$7/person (Fridays 4:30-5:45pm),,,,https://moffatcounty.colorado.gov/government/departments/parks-department/loudy-simpson-park-ice-arena,bleachers,true,,,,,,,,"Moffat County facility, managed by Colorado Extreme Hockey Association since September 2024. 85x125 ft ice surface (not full NHL size). Seasonal Oct–mid-March. CASH OR CHECK ONLY — no credit cards accepted. 4 dressing rooms, bleachers. Public skating, stick & puck (drop-in hockey), Craig Youth Hockey League, and curling on Fridays."
36,Evergreen Lake Ice Rinks,"29612 Upper Bear Creek Rd, Evergreen, CO 80439",Evergreen,CO,80439,39.63149,-105.33111,Denver Metro,outdoor,11,true,concessions,,,Limited - weekends use Stagecoach Park shuttle,0,true,$15/person all day,Hockey rinks available,,,,https://www.evergreenrecreation.com,,true,,,,,,,,World's largest Zamboni-maintained outdoor natural ice rink. 8.5 acres with 11 pond hockey rinks. Seasonal - weather dependent. | On-site shop: Evergreen Lake House
37,Keystone Lake Ice Rink,"Decatur Rd, Keystone, CO 80435",Keystone,CO,80435,39.6068,-105.9681,Mountain,outdoor,1,,concessions,,,Keystone Resort parking,0,,Adults: $15 | Kids (5-17): $10 | Ages 4 & under: $5 | Hours: 10am-9pm daily | Check keystoneresort.com for current rates,Hockey box available on lake - free with admission,,,,https://www.keystoneresort.com,,true,,,,,,,,"5-acre outdoor lake rink at Lakeside Village. Largest Zamboni-maintained outdoor rink in North America (Evergreen Lake is larger at 8.5 acres but Keystone claims largest for a resort). Hours: Daily 10am-9pm. Adjacent Adventure Center has full bar, snacks, indoor arcade. Skate assists, hockey sticks and child pull sleds available to rent. Hockey box available. Two rinks at Keystone: Lake Rink (Lakeside Village) and Dercum Square Ice Rink (River Run Village - smaller, free admission). Note: admission to Lake Rink includes all-day access."
38,Dillon Marina Outdoor Rink,"150 Marina Dr, Dillon, CO 80435",Dillon,CO,80435,39.6266,-106.042,Mountain,outdoor,1,,,,,Free Marina parking lot,0,,FREE - open sunrise to sunset,Free drop-in hockey on the rink,,,,https://www.townofdillon.com,,,,,,,,,,FREE community ice rink on the Dillon Reservoir at Dillon Marina. Open sunrise to sundown. 136 ft x 70 ft natural ice with stunning views of Lake Dillon and Tenmile/Gore Ranges. Night lighting until 9pm. NO skate rentals on-site - bring your own. Drop-in hockey and broomball organized seasonally. NOTE: The Lake Loops trails on the reservoir did not open in 2025-26 season due to late freeze. Check townofdillon.com for current season status.
39,Eagle Ice Rink,"1700 Bull Pasture Rd, Eagle, CO 81631",Eagle,CO,81631,39.64313,-106.81533,Mountain,outdoor,1,,,true,,Free lot,0,,$6 adults / $4 kids,N/A,,,,https://www.eaglerecreation.com,,,,,,,,,,Outdoor seasonal rink in Eagle serving the Eagle Valley community. Between Vail and Glenwood Springs on I-70.
40,Big Mine Ice Arena,"620 2nd St, Crested Butte, CO 81224",Crested Butte,CO,81224,38.86718,-106.98693,Mountain,outdoor,1,,concessions,,,Town parking lot nearby,0,,Check cbnordic.org for current rates,Contact CB Nordic Center,,,,https://www.cbnordic.org,,true,,,,,,,,Natural non-refrigerated ice arena in the heart of Crested Butte. Managed by Crested Butte Nordic Center (next door). Skate rentals available at Nordic Center warming house. Active recreational and youth hockey Dec–March. Home to West Elk Hockey Association teams.
41,NedRINK,"500 Indian Peaks Dr, Nederland, CO 80466",Nederland,CO,80466,39.97259,-105.51787,Denver Metro,outdoor,1,,,,,Nederland town parking,0,,Daily pass: $12 | Ned & Gilpin County residents: $10 | Check nedicerink.wixsite.com/nedrink for current rates,Available - check website for current rates,,,,https://nedicerink.wixsite.com/nedrink,,,,,,,,,,"Olympic-sized outdoor ice rink at Nederland Ice & Racquet Park - claims to be Colorado's largest outdoor ice rink. Non-profit organization staffed by volunteers, established 2005. Open daily Dec-Feb, weather permitting (check webcam on website). Programs: recreational skating, hockey leagues, curling, stick & puck, broomball, group/private lessons ($15/hr). Daily pass: $12 (Ned & Gilpin County residents: $10). Seasonal passes available. Near Frozen Dead Guy Days festival in March. Phone: 720-514-9624."
42,Oak Creek Ice Rink,"222 Kodiak Lane, Oak Creek, CO 80467",Oak Creek,CO,80467,40.2744,-106.9629,Mountain,outdoor,1,,,,,Free town lot,0,,Free,N/A,,,,https://www.oakcreekco.gov,,,,,,,,,,Small outdoor community rink in Oak Creek near Steamboat Springs. True Colorado rural hockey culture.
43,Hanley Ice Rink,"500 E Colorado Ave (Town Park), Telluride, CO 81435",Telluride,CO,81435,37.93398,-107.80554,Mountain,indoor,1,,,,,Telluride Town Park parking,0,,$8 adults / $6 kids,N/A,,,,https://www.telluride-co.gov/634/Hanley-Ice-Rink,,,,,,,,,,Outdoor rink in Telluride's Town Park with stunning San Juan Mountain views. Classic ski town skating.
44,Meadow Wood Sports Complex,"2000 Evergreen Heights Dr, Woodland Park, CO 80863",Woodland Park,CO,80863,39.0016,-105.0739,Colorado Springs,outdoor,1,,,,,Free sports complex lot,0,,$5 adults / $3 kids,N/A,,,,https://woodlandpark.gov/499/Meadow-Wood-Sports-Complex-Ice-Rink,,,,,,,,,,Outdoor rink in Woodland Park at the base of Pikes Peak. Community facility serving the Pikes Peak region.
45,Chapman Hill Rink,"500 Florida Rd, Durango, CO 81301",Durango,CO,81301,37.28321,-107.86777,Western Colorado,indoor,1,,concessions,true,,Free lot at Chapman Hill,0,,"$7-8/person, ages 3 & under free | Check durangoco.gov for current rates",Check durangoco.gov for current rates,,,,https://www.durangoco.gov/1488/Ice-Rink-Roller-Rink,,true,,,,,,,,"City of Durango Parks & Recreation. Indoor refrigerated rink open Oct-May for ice, summer for roller skating. Has attached ski hill with 2 rope tows, 500 vertical feet of terrain (Dec-Mar). Disco Night Fri/Sat evenings. Home to Durango Area Youth Hockey Association (DAYHA), Fort Lewis College Club Hockey, adult leagues, Durango figure skating. Closed major holidays. Birthday parties available."
46,Huck Finn Ice Rink,"445 Maple St, Leadville, CO 80461",Leadville,CO,80461,39.2464,-106.2984,Mountain,outdoor,1,,restaurant,,,Free town lot adjacent,0,,$4 adults / $2 kids,N/A,,,,https://www.lakecountyco.gov/383/Huck-Finn-Ice-Rink,,true,,,,,,,,"30,000 sq ft outdoor natural ice rink - the largest and highest man-made rink in Colorado, at 10,152 ft elevation (highest incorporated city in North America). Operated by Lake County Parks, Recreation & Open Space Dept. Features skate and hockey equipment rentals, snack bar, 2,300 sq ft warming hut, fire pit, and great sound system. Programs include youth/adult hockey leagues, curling, women's and co-ed drop-in hockey, figure skating lessons. Address is also listed as 505 W 5th St. Season: Dec-Feb (weather permitting). Check lakecountyco.gov for current schedule."
47,Cheyenne Ice & Events Center,"1530 West Lincolnway, Cheyenne, WY 82001",Cheyenne,WY,82001,41.12841,-104.83185,Wyoming,indoor,1,true,concessions,,,Free lot on site,4,,Adults: $6 | Youth: $5 | Winter rate: $4 all ages | Check cheyenneiceandevents.com,Check website,,,,https://www.cheyenneiceandevents.com,,true,,,,,,,,"NHL-sized rink with arcade, laser tag and mini golf. Family entertainment complex. Roller skating in summer."
48,Casper Ice Arena,"1801 E 4th St, Casper, WY 82601",Casper,WY,82601,42.84504,-106.30113,Wyoming,indoor,1,true,concessions,,,Free city lot,4,,⚠️ Verify pricing before visiting — check the rink website or call ahead,Check website,,,,https://www.casperwy.gov,,true,,,,,,,,City-operated facility serving Casper and Natrona County. Active youth and adult hockey community.
49,Laramie Ice & Events Center,"3510 E Garfield St, Laramie, WY 82070",Laramie,WY,82070,41.30553,-105.55084,Wyoming,indoor,1,true,concessions,true,,Free city lot,4,,⚠️ Verify pricing before visiting — check the rink website or call ahead,Check website,,,,https://www.cityoflaramie.org/ice,,true,,,,,,,,"Home to University of Wyoming club hockey. Strong community rink in a college town. Tournaments, camps, clinics and speed skating all offered."
50,Spirit Hall Ice Arena (Cam-Plex),"121 4J Road, Gillette, WY 82716",Gillette,WY,82716,44.2795,-105.44289,Wyoming,indoor,1,,concessions,,,Free Cam-Plex parking,3,,⚠️ Verify pricing before visiting — check the rink website or call ahead,Check website,,,,https://www.campbellcountywy.gov,,true,,,,,,,,NHL-sized rink in the Campbell County Events Center (Cam-Plex). Seasonal: October through mid-April. Heated lobby and viewing area.
51,Victor J. Riley Arena,"1400 Heart Mountain St, Cody, WY 82414",Cody,WY,82414,44.52215,-109.06004,Wyoming,indoor,1,,concessions,true,,Free lot,3,,⚠️ Verify pricing before visiting — check the rink website or call ahead,Check website,,,,http://www.rileyarena.com,,true,,,,,,,,Home of NA3HL junior hockey in Cody. Gateway to Yellowstone makes this a unique hockey destination. Seasonal operations.
52,Rock Springs Family Recreation Center,"3900 Sweetwater Drive, Rock Springs, WY 82901",Rock Springs,WY,82901,41.5959,-109.2629,Wyoming,indoor,1,,,true,,Free rec center lot,3,,⚠️ Verify pricing before visiting — check the rink website or call ahead,Check website,,,,https://www.rswy.net,,,,,,,,,,Ice rink within a full recreation complex including pools and fitness. Southwest Wyoming's community hockey hub.
53,M&M's Center (Whitney Rink),"475 E Brundage St, Sheridan, WY 82801",Sheridan,WY,82801,44.7989,-106.949,Wyoming,indoor,1,true,concessions,true,,Free adjacent lot,4,,⚠️ Verify pricing before visiting — check the rink website or call ahead,Check website,,,,https://sheridanice.org,,true,,,,,,,,Home of the Sheridan Hawks NA3HL junior hockey team. Northern Wyoming's premier hockey facility.
54,Snow King Sports & Events Center,"100 E Snow King Ave, Jackson, WY 83001",Jackson,WY,83001,43.472,-110.7598,Wyoming,indoor,1,,concessions,true,,Adjacent lot and street parking,4,,⚠️ Verify pricing before visiting — check the rink website or call ahead,Check website,,,,https://snowkingsec.com,,true,,,,,,,,Jackson Hole's only indoor ice rink. Home of the Jackson Hole Moose hockey club. Steps from Snow King Mountain ski area.
55,Jackson Town Square (Outdoor),"Town Square, Jackson, WY 83001",Jackson,WY,83001,43.48,-110.7618,Wyoming,outdoor,1,,,,,Town Square parking,0,,⚠️ Verify pricing before visiting — check the rink website or call ahead,Check website,,,,https://www.jacksonholechamber.com,,,,,,,,,,Skate beneath Jackson's famous elk antler arches. One of the most iconic outdoor rinks in the American West. Free admission.
56,Pinedale Ice Arena,"1219 W Washington St, Pinedale, WY 82941",Pinedale,WY,82941,42.8632,-109.8763,Wyoming,indoor,1,,,true,,Free lot,2,,⚠️ Verify pricing before visiting — check the rink website or call ahead,Check website,,,,https://www.sublettecountywy.gov/204/Ice-Arena,,,,,,,,,,Small community rink in Pinedale — one of Wyoming's most remote hockey facilities. Managed by Sublette County. Unique wind river country setting.
57,Utah Olympic Oval,"5662 S Cougar Lane, Kearns, UT 84118",Kearns,UT,84118,40.64707,-112.00833,Utah,indoor,2,,concessions,true,,Free lot,6,true,Skating admission (ages 3+): $6 | Skate rental: $6 | Helmet rental: $5 | KOPFC members: Free Mon evenings | Annual pass: $150 individual / $200 family,Check website,,,,https://utaholympiclegacy.org/location/utah-olympic-oval/,,true,,,,,,,,Built for 2002 Salt Lake Winter Olympics. Holds more Olympic and World Records than any other indoor oval. Five-acre facility with 400m speed skating oval and two international ice sheets inside. | On-site shop: Olympic Oval Pro Shop
58,Salt Lake County Sports Complex,"645 Guardsman Way, Salt Lake City, UT 84108",Salt Lake City,UT,84108,40.75522,-111.84434,Utah,indoor,2,true,concessions,,,Free lot,6,true,Ages 2 & under: Free | Ages 3-5: $2 | Ages 6+: $5 | Skate rental: $2 | Group (20+): $4/person | Check saltlakecounty.gov/parks-recreation,Check website,,,,https://slco.org/sports-complex/,,true,,,,,,,,Home rink of Olympic champion Nathan Chen and the Salt Lake Figure Skating Club. Two Olympic-sized sheets. Also home to University of Utah club hockey. | On-site shop: SLC Sports Complex Shop
59,Salt Lake County Ice Center (Murray),"5201 S Murray Park Lane, Murray, UT 84107",Murray,UT,84107,40.65786,-111.88528,Utah,indoor,1,true,concessions,,,Free Murray Park lot,4,,⚠️ Verify pricing before visiting — check the rink website or call ahead,Check website,,,,https://www.saltlakecounty.gov/parks-recreation/facilities-and-golf/ice-centers/county-ice-center/,,true,,,,,,,,Salt Lake County-operated. Offers inclusive sled hockey program. Drop-in stick & puck available. Good community rink.
60,Acord Ice Center,"5353 W 3100 South, West Valley City, UT 84120",West Valley City,UT,84120,40.70324,-112.01893,Utah,indoor,1,,concessions,,,Free lot,4,,Ages 2 & under: Free | Ages 3-5: $2 | Ages 6+: $5 | Skate rental: $2 | Group (20+): $4/person incl. rental off-peak,Check website,,,,https://www.wvc-ut.gov,,true,,,,,,,,West Valley City community rink. Good family rink with solid youth hockey and figure skating programs.
61,Maverik Center,"3200 S Decker Lake Drive, West Valley City, UT 84119",West Valley City,UT,84119,40.7027,-111.9504,Utah,indoor,1,,concessions,,,Large lots — paid on event days,4,true,⚠️ Verify pricing before visiting — check the rink website or call ahead,Check website,,,,https://maverikcenter.com,seats,true,,,,,,,,"12,000-seat arena, home of the Utah Grizzlies (ECHL). Professional hockey experience in the Salt Lake Valley. Also hosts concerts and events. | On-site shop: Grizzlies Team Store"
62,Peaks Ice Arena,"100 N Seven Peaks Blvd, Provo, UT 84606",Provo,UT,84606,40.235,-111.63813,Utah,indoor,2,true,concessions,true,,Free lot,6,true,⚠️ Verify pricing before visiting — check the rink website or call ahead,Check website,,,,https://www.provo.gov/394/Peaks-Ice-Arena,,true,,,,,,,,2002 Winter Olympics figure skating venue. Two Olympic sheets plus turf field. Home to BYU club hockey and Peaks Figure Skating Club. | On-site shop: Peaks Pro Shop
63,Weber County Ice Sheet,"4390 Harrison Blvd, Ogden, UT 84403",Ogden,UT,84403,41.18333,-111.94667,Utah,indoor,1,true,concessions,true,,Free lot,4,,⚠️ Verify pricing before visiting — check the rink website or call ahead,Check website,,,,https://www.co.weber.ut.us,,true,,,,,,,,Home of Weber County Youth Hockey Association. Well-maintained county facility serving the Ogden and Weber County hockey community.
64,George S. Eccles Ice Center,"2825 N 200 E, North Logan, UT 84341",North Logan,UT,84341,41.78342,-111.82995,Utah,indoor,1,true,concessions,,,Free lot,4,true,⚠️ Verify pricing before visiting — check the rink website or call ahead,Check website,,,,https://ecclesicecenter.com,,true,,,,,,,,Cache Valley's only year-round ice arena. Home to Utah State University club hockey (Jr. Aggies). Opened 2002. | On-site shop: Eccles Ice Pro Shop
65,Park City Ice Arena,"600 Gilmore Way, Park City, UT 84060",Park City,UT,84060,40.68226,-111.47049,Utah,indoor,1,true,concessions,,,Free Bonanza lot nearby,5,true,⚠️ Verify pricing before visiting — check the rink website or call ahead,Check website,,,,https://www.parkcity.org/departments/park-city-ice-arena,,true,,,,,,,,Year-round Olympic-size rink and home to Paralympic athletes with physical disabilities. Park City Ice Hockey Association home. Unique Olympic legacy facility. | On-site shop: Park City Ice Shop
66,Cottonwood Heights Ice Arena,"7855 S 2700 E, Cottonwood Heights, UT 84121",Cottonwood Heights,UT,84121,40.61518,-111.81598,Utah,indoor,1,true,concessions,,,Free lot,5,,⚠️ Verify pricing before visiting — check the rink website or call ahead,Check website,,,,https://www.cottonwoodheights.utah.gov,,true,,,,,,,,One of the largest rinks in Salt Lake County. Created in 1971. Olympic-size sheet with strong figure skating and recreational programs.
67,South Davis Recreation Center (Ice Ribbon),"550 N 200 W, Bountiful, UT 84010",Bountiful,UT,84010,40.89547,-111.88432,Utah,outdoor,1,,,,,Free rec center lot,0,,⚠️ Verify pricing before visiting — check the rink website or call ahead,Check website,,,,https://southdavisrecreation.com,,,,,,,,,,Outdoor ice ribbon — a trail-style rink that goes around J. Lynn Crane Park. Unique format with fire pits along the route. Free to skate.
68,Moylan Iceplex,"12550 W Maple Rd, Omaha, NE 68164",Omaha,NE,68164,41.29329,-96.109,Nebraska,indoor,2,true,concessions,,,Free lot at Tranquility Park,8,true,$11.95 adults / $9.95 kids 12 & under (skates included),$9.95/session (helmets required),,,,https://www.moylaniceplex.com,,true,,,,,,,,"Nebraska's flagship hockey facility. Only Olympic-sized ice sheet in the state. Home of Omaha Hockey Club and NXT Level Hockey Academy. Over 1,500 hours of public skating annually. | On-site shop: Moylan Pro Shop"
69,Baxter Arena,"2425 S 67th St, Omaha, NE 68106",Omaha,NE,68106,41.23572,-96.01263,Nebraska,indoor,2,,concessions,,,Free lot adjacent,4,true,⚠️ Verify pricing before visiting — check the rink website or call ahead,Check website,,,,https://baxterarena.com,seats,true,,,,,,,,Home of UNO Mavericks NCAA Division I hockey. Two NHL sheets — Holland Rink and main arena. Public Holland Ice Rink sessions available. | On-site shop: UNO Team Store
70,Grover Ice,"6171 Grover St, Omaha, NE 68106",Omaha,NE,68106,41.2266,-96.008,Nebraska,indoor,1,,restaurant,true,,Free lot adjacent,4,,⚠️ Verify pricing before visiting — check the rink website or call ahead,Check website,,,,https://groverice.com,,true,,,,,,,,Privately owned community rink in midtown Omaha. Home of Omaha Broomball Club and Omaha Hockey Club. Full-service bar on site. Strong adult rec leagues.
71,John Breslow Ice Hockey Center,"433 V St, Lincoln, NE 68502",Lincoln,NE,68502,40.821,-96.7162,Nebraska,indoor,1,true,concessions,,,Free lot adjacent,5,true,⚠️ Verify pricing before visiting — check the rink website or call ahead,Check website,,,,https://www.breslowhockeycenter.com,,true,,,,,,,,University of Nebraska-affiliated ice facility. Year-round operations. Home of UNL club hockey. Lincoln's primary hockey hub. | On-site shop: Breslow Pro Shop
72,Liberty First Credit Union Arena (Ralston),"7300 Q St, Ralston, NE 68127",Ralston,NE,68127,41.20696,-96.02673,Nebraska,indoor,2,,concessions,,,Free large lot,6,,⚠️ Verify pricing before visiting — check the rink website or call ahead,Check website,,,,https://www.ralstonarena.com,,true,,,,,,,,Two NHL sheets. Multi-purpose arena serving south Omaha. Public skating sessions and hockey leagues available alongside events.
73,Sidner Ice Arena,"1558 E Military Ave, Fremont, NE 68025",Fremont,NE,68025,41.43567,-96.47689,Nebraska,indoor,1,true,concessions,true,,Free lot,4,,⚠️ Verify pricing before visiting — check the rink website or call ahead,Check website,,,,https://www.fremonticearena.com,,true,,,,,,,,"Recently renovated concrete-base NHL rink. Modern concessions, upgraded player benches and comfortable lounge. Transforms into event space April–June."
75,Winter Park Village Pond,"85 Parsenn Rd, Winter Park, CO 80482",Winter Park,CO,80482,39.88694,-105.76241,Mountain,outdoor,1,,,,,Free small gondola lot; main resort parking garage also available,0,true,FREE with own skates | Skate rental ~$19/hr at Adventure & Supply Co.,N/A — public skating only,,,,https://www.winterparkresort.com/things-to-do/activities/ice-skating,,,,,,,,,,Picturesque outdoor pond rink in the heart of Winter Park Resort's alpine village. FREE admission with your own skates. Skate rentals available at Adventure & Supply Co. (~$19/hr). Glow Night Cosmic Skating every Thu/Fri/Sat 5-7pm with DJ and colorful lights. Open mid-November to mid-April. Views of the Continental Divide. Ice maintained daily by resort. | On-site shop: Adventure & Supply Co.
76,Edwards Freedom Park Outdoor Ice Rinks,"Edwards Freedom Park, Edwards, CO 81632",Edwards,CO,81632,39.64641,-106.59472,Mountain,outdoor,2,true,,,,Free Edwards Freedom Park lot,0,,FREE — no admission charge,FREE — drop-in on the hockey rink,,,,https://mountainrec.org/,,,,,,,,,,"Community outdoor ice rinks at Edwards Freedom Park, managed by Mountain Recreation District with dedicated volunteer Tom Boyd. Now in their 4th+ season. Two rinks: a larger hockey rink and a smaller general skating rink, both built on turf using a specialized board/liner system. FREE to skate. Loaner skates available in storage boxes near baseball dugouts (first-come, limited supply). Golf-cart Zamboni maintained by volunteers. Part of a beloved neighborhood tradition — kids skate after school, adults at lunch. Contact Mountain Rec at (970) 766-5555."
77,Montrose Rotary Park Ice Rink,"Rotary Park, 1020 S Townsend Ave, Montrose, CO 81401",Montrose,CO,81401,38.46894,-107.86572,Western Colorado,outdoor,1,,,,,Free Rotary Park lot,0,,FREE,Free informal drop-in,,,,https://www.cityofmontrose.org/parks,,,,,,,,,,"Natural non-refrigerated ice pond at Rotary Park in Montrose. City of Montrose Parks & Cemeteries maintains the rink when conditions allow — typically 1–6 weeks per winter depending on weather. 100x200 ft cleared area. FREE admission, NO skate rentals on-site. Ice safety verified by city staff (3-inch drill test). Locals drop in for hockey and broomball. Skate at your own risk per posted signage. Contact City of Montrose Parks at (970) 249-7505."
78,Pagosa Multi-Purpose Pavilion Ice Rink,"550 S 8th St, Pagosa Springs, CO 81147",Pagosa Springs,CO,81147,37.26741,-107.00972,Southern Colorado,outdoor,1,,,,,Free South Town Park lot,0,,Check skatepagosa.org for current season rates | Season passes & punch cards available,Check skatepagosa.org,,,,https://skatepagosa.org,,,,,,,,,,"Pagosa Springs' community rink at South Town Park Pavilion. Outdoor seasonal rink with a full program: public skating, drop-in hockey (Saturdays), broomball (Sundays), curling with Riff Raff Brewing (Tuesdays), and figure skating. Skate rentals available. Season passes and punch cards available. Private lessons available — call (970) 398-2337. Email: skatepagosa@icloud.com. Pair with a soak at The Springs Resort natural hot spring complex nearby — a perfect post-skate tradition. Also note: free natural ice skating on Town ponds behind River Center when thick enough (4+ inches), no fee, no rentals."
74,Omaha Riverfront Skate Ribbon (Outdoor),"900 Farnam St, Omaha, NE 68102",Omaha,NE,68102,41.25784,-95.92817,Nebraska,outdoor,1,,,,,Downtown Omaha paid parking,0,,⚠️ Verify pricing before visiting — check the rink website or call ahead,Check website,,,,https://www.omahaskateribbon.com,,,,,,,,,,Trail-style outdoor ribbon rink along the Omaha riverfront. Free to skate. Steps from the Gene Leahy Mall and Kiewit Luminarium. Popular weekend destination.
